open_time,close,volume,trades
2026-08-01 02:00:00,63020.0,458.27671,25770
2026-08-01 03:00:00,63080.64,434.87477,23346
2026-08-01 04:00:00,63050.46,150.69173,19514
2026-08-01 05:00:00,63126.25,106.02817,14521
2026-08-01 06:00:00,63053.17,228.45152,24467
2026-08-01 07:00:00,63056.0,321.04349,31816
2026-08-01 08:00:00,63076.0,179.08594,15389
2026-08-01 09:00:00,63103.68,320.18632,18966
2026-08-01 10:00:00,63069.32,187.46878,15828
2026-08-01 11:00:00,63126.52,385.79335,26416
2026-08-01 12:00:00,63007.06,164.42533,17538
2026-08-01 13:00:00,62932.32,327.87182,40247
2026-08-01 14:00:00,62708.07,359.17517,60750
2026-08-01 15:00:00,62580.56,931.42897,151143
2026-08-01 16:00:00,62529.82,312.52626,58351
2026-08-01 17:00:00,62662.13,183.46966,43166
2026-08-01 18:00:00,62812.75,229.38386,54923
2026-08-01 19:00:00,62831.28,129.54917,28111
2026-08-01 20:00:00,62823.64,287.81315,20284
2026-08-01 21:00:00,62833.99,397.27424,33822
2026-08-01 22:00:00,62981.87,215.77694,32567
2026-08-01 23:00:00,63451.58,1068.41906,145569
2026-08-02 00:00:00,63461.95,388.55462,47536
2026-08-02 01:00:00,63590.0,302.37117,41609
2026-08-02 02:00:00,63453.27,261.31562,36028
2026-08-02 03:00:00,63482.49,160.39885,22998
2026-08-02 04:00:00,63506.24,412.11258,22781
2026-08-02 05:00:00,63193.99,542.79786,45423
2026-08-02 06:00:00,63273.94,277.11141,44972
2026-08-02 07:00:00,63205.03,200.2751,33634
2026-08-02 08:00:00,63031.99,373.06149,73599
2026-08-02 09:00:00,63125.49,247.99863,48051
2026-08-02 10:00:00,63126.92,262.12825,38300
2026-08-02 11:00:00,63069.37,314.22912,44847
2026-08-02 12:00:00,63109.14,191.05332,27263
2026-08-02 13:00:00,63180.36,267.96361,61576
2026-08-02 14:00:00,63300.28,318.39177,51239
2026-08-02 15:00:00,63382.01,518.81545,66179
2026-08-02 16:00:00,63456.01,247.35839,38980
2026-08-02 17:00:00,63494.52,140.51262,39245
2026-08-02 18:00:00,63578.0,457.27756,92710
2026-08-02 19:00:00,63424.58,484.1409,112482
2026-08-02 20:00:00,63570.0,337.67298,84654
2026-08-02 21:00:00,63317.6,357.32342,98486
2026-08-02 22:00:00,63212.16,372.31318,85202
2026-08-02 23:00:00,63141.4,334.18959,68048
2026-08-03 00:00:00,62870.49,516.46423,75000
2026-08-03 01:00:00,62790.0,320.41763,51921
2026-08-03 02:00:00,62827.17,546.69206,57026
2026-08-03 03:00:00,62623.6,396.31841,71093
2026-08-03 04:00:00,62621.1,1264.72827,74002
2026-08-03 05:00:00,62541.5,657.33122,97499
2026-08-03 06:00:00,62837.4,585.41075,62491
2026-08-03 07:00:00,62742.01,443.80935,58532
2026-08-03 08:00:00,62560.01,282.26451,61915
2026-08-03 09:00:00,62700.0,437.23263,90847
2026-08-03 10:00:00,63351.09,1121.39133,232110
2026-08-03 11:00:00,63967.19,2387.82383,372984
2026-08-03 12:00:00,63694.91,1368.53804,236612
2026-08-03 13:00:00,63776.46,800.0795,144856
2026-08-03 14:00:00,63906.0,628.1066,106952
2026-08-03 15:00:00,63870.87,368.04477,88526
2026-08-03 16:00:00,63869.38,545.18183,100645
2026-08-03 17:00:00,63775.43,498.9936,65626
2026-08-03 18:00:00,63590.15,427.95014,62549
2026-08-03 19:00:00,63618.0,422.48287,78240
2026-08-03 20:00:00,63520.0,460.20967,53202
2026-08-03 21:00:00,63361.99,536.23408,103694
2026-08-03 22:00:00,63847.93,808.63269,138495
2026-08-03 23:00:00,63822.44,596.20908,79681
2026-08-04 00:00:00,63800.01,343.13285,49652
2026-08-04 01:00:00,64029.0,795.09044,81654
2026-08-04 02:00:00,63818.48,306.74636,62069
2026-08-04 03:00:00,63670.0,321.82249,48554
2026-08-04 04:00:00,63685.74,779.79552,60765
2026-08-04 05:00:00,63588.94,412.14854,41831
2026-08-04 06:00:00,63603.73,356.68509,41824
2026-08-04 07:00:00,63764.0,613.8334,102803
2026-08-04 08:00:00,63926.0,457.77198,91676
2026-08-04 09:00:00,63906.41,546.54537,89411
2026-08-04 10:00:00,63683.94,1052.90355,199185
2026-08-04 11:00:00,64128.72,879.92592,223460
2026-08-04 12:00:00,64125.14,876.1178,168304
2026-08-04 13:00:00,63950.93,546.40306,114320
2026-08-04 14:00:00,63972.09,719.77508,137455
2026-08-04 15:00:00,64305.99,693.34672,148693
2026-08-04 16:00:00,64233.36,534.82384,97542
2026-08-04 17:00:00,64341.0,558.35238,96909
2026-08-04 18:00:00,64194.0,220.73608,60932
2026-08-04 19:00:00,64270.61,181.53234,44926
2026-08-04 20:00:00,64106.56,551.91443,104204
2026-08-04 21:00:00,63988.0,649.78599,87408
2026-08-04 22:00:00,64333.84,393.02738,78725
2026-08-04 23:00:00,64368.26,562.72054,115810
2026-08-05 00:00:00,64183.27,445.73851,91878
2026-08-05 01:00:00,64176.7,184.21473,47086
2026-08-05 02:00:00,64330.87,480.37923,68876
2026-08-05 03:00:00,64253.58,396.58374,49970
2026-08-05 04:00:00,64163.99,577.00898,74493
2026-08-05 05:00:00,64120.81,335.28683,63070
2026-08-05 06:00:00,64155.05,184.00109,43523
2026-08-05 07:00:00,64062.23,387.90421,73702
2026-08-05 08:00:00,64075.28,258.58817,57896
2026-08-05 09:00:00,64332.43,1037.97436,130336
2026-08-05 10:00:00,64407.99,1022.29322,222352
2026-08-05 11:00:00,64476.39,1047.50709,283723
2026-08-05 12:00:00,64388.01,986.83874,183941
2026-08-05 13:00:00,64661.99,538.9344,146945
2026-08-05 14:00:00,64770.0,480.07544,105483
2026-08-05 15:00:00,64799.1,509.17226,106625
2026-08-05 16:00:00,64840.28,466.98679,76747
2026-08-05 17:00:00,64822.89,498.389,78084
2026-08-05 18:00:00,64733.13,467.37291,91175
2026-08-05 19:00:00,64636.0,271.07045,62596
2026-08-05 20:00:00,64665.23,561.00122,61783
2026-08-05 21:00:00,64644.99,476.9934,59311
2026-08-05 22:00:00,64580.07,393.9399,65744
2026-08-05 23:00:00,64579.36,432.25507,80019
2026-08-06 00:00:00,64531.03,197.99261,41546
2026-08-06 01:00:00,64734.65,354.38235,55726
2026-08-06 02:00:00,64908.09,515.23827,102709
2026-08-06 03:00:00,64860.0,233.29381,54964
2026-08-06 04:00:00,64809.7,679.84082,61360
2026-08-06 05:00:00,64941.99,323.50568,58606
2026-08-06 06:00:00,64683.62,404.08385,70981
2026-08-06 07:00:00,64615.95,207.8831,54295
2026-08-06 08:00:00,64622.09,372.14171,60335
2026-08-06 09:00:00,64424.0,336.45805,77320
2026-08-06 10:00:00,64434.01,870.19548,194478
2026-08-06 11:00:00,64778.0,781.12724,239608
2026-08-06 12:00:00,64631.87,772.83402,230032
2026-08-06 13:00:00,64757.99,370.31723,146790
2026-08-06 14:00:00,64621.69,293.75208,85461
2026-08-06 15:00:00,64418.47,347.29306,85459
2026-08-06 16:00:00,64446.0,449.59357,70813
2026-08-06 17:00:00,64439.7,195.47529,44904
2026-08-06 18:00:00,64440.74,249.73283,53362
2026-08-06 19:00:00,64351.49,210.70667,45081
2026-08-06 20:00:00,64323.61,395.39675,49047
2026-08-06 21:00:00,64317.99,285.45231,73994
2026-08-06 22:00:00,64422.55,351.02167,93301
2026-08-06 23:00:00,64399.87,388.69448,103153
2026-08-07 00:00:00,64289.99,199.96303,75419
2026-08-07 01:00:00,64255.13,222.89749,69543
2026-08-07 02:00:00,64336.43,321.20596,53841
2026-08-07 03:00:00,64304.12,452.26837,54841
2026-08-07 04:00:00,64319.84,382.39149,43588
2026-08-07 05:00:00,64600.0,433.22408,73835
2026-08-07 06:00:00,64839.32,917.15159,104331
2026-08-07 07:00:00,64893.98,362.71626,52293
2026-08-07 08:00:00,65029.98,652.67441,89434
2026-08-07 09:00:00,65292.32,1412.7636,181821
2026-08-07 10:00:00,65009.24,1271.25225,245147
2026-08-07 11:00:00,64957.98,982.58571,272120
2026-08-07 12:00:00,64912.72,468.0279,129409
2026-08-07 13:00:00,64814.0,485.33624,123985
2026-08-07 14:00:00,64764.33,603.65716,135316
2026-08-07 15:00:00,64735.51,225.44204,80410
2026-08-07 16:00:00,64960.47,398.55222,100397
2026-08-07 17:00:00,64972.0,238.49651,39503
2026-08-07 18:00:00,64928.01,187.58406,44821
2026-08-07 19:00:00,64888.0,304.11479,28154
2026-08-07 20:00:00,64923.19,259.93041,14727
2026-08-07 21:00:00,64929.01,432.5947,25634
2026-08-07 22:00:00,64911.79,283.12303,22019
2026-08-07 23:00:00,64923.97,317.46111,21324
2026-08-08 00:00:00,65033.0,277.39242,27377
2026-08-08 01:00:00,65013.58,199.83614,31511
2026-08-08 02:00:00,64995.39,118.91329,13525
2026-08-08 03:00:00,65006.61,298.35674,16625
2026-08-08 04:00:00,64960.0,169.03379,13450
2026-08-08 05:00:00,64993.87,150.80437,13868
2026-08-08 06:00:00,64994.31,303.53576,26189
2026-08-08 07:00:00,65005.87,144.30853,15959
2026-08-08 08:00:00,64967.35,178.16146,19311
2026-08-08 09:00:00,65008.34,234.45077,31056
2026-08-08 10:00:00,65015.27,187.85749,16805
2026-08-08 11:00:00,65129.02,356.35929,44901
2026-08-08 12:00:00,65080.82,186.5848,19760
2026-08-08 13:00:00,65086.45,128.83529,22770
2026-08-08 14:00:00,65119.75,187.72596,23990
2026-08-08 15:00:00,65044.07,168.52013,20825
2026-08-08 16:00:00,65075.41,205.39734,16325
2026-08-08 17:00:00,65082.41,382.31735,18406
2026-08-08 18:00:00,65012.96,216.53129,25428
2026-08-08 19:00:00,64950.61,427.30382,30793
2026-08-08 20:00:00,64962.6,204.73811,22596
2026-08-08 21:00:00,64973.65,214.05253,18975
2026-08-08 22:00:00,64861.46,330.74593,31321
2026-08-08 23:00:00,64820.01,255.40052,32270
2026-08-09 00:00:00,64788.8,153.75776,20800
2026-08-09 01:00:00,64785.0,156.31772,13624
2026-08-09 02:00:00,64801.58,194.39306,15456
2026-08-09 03:00:00,64849.99,216.36529,20930
2026-08-09 04:00:00,64826.14,338.38864,18781
2026-08-09 05:00:00,64824.16,328.93534,43973
2026-08-09 06:00:00,64877.85,149.22124,19330
2026-08-09 07:00:00,64959.86,249.48898,26742
2026-08-09 08:00:00,64950.0,150.77221,16353
2026-08-09 09:00:00,64960.11,166.88575,13782
2026-08-09 10:00:00,65219.78,406.90586,44799
2026-08-09 11:00:00,65260.01,280.8075,46146
2026-08-09 12:00:00,65228.68,364.1864,32621
2026-08-09 13:00:00,65232.14,289.41282,32276
2026-08-09 14:00:00,65198.68,130.05099,14397
2026-08-09 15:00:00,65199.68,83.21999,12819
2026-08-09 16:00:00,65180.66,257.6312,19927
2026-08-09 17:00:00,65137.96,465.99754,47904
2026-08-09 18:00:00,65192.99,485.32235,50161
2026-08-09 19:00:00,65077.13,941.55321,114413
2026-08-09 20:00:00,64901.59,421.42323,96181
2026-08-09 21:00:00,64968.01,556.44925,129770
2026-08-09 22:00:00,65189.99,410.26148,81073
2026-08-09 23:00:00,65099.99,432.7132,68539
2026-08-10 00:00:00,64982.01,335.63049,60159
2026-08-10 01:00:00,65006.73,333.49313,48732
2026-08-10 02:00:00,65134.0,299.63603,48950
2026-08-10 03:00:00,65299.4,433.93661,65239
2026-08-10 04:00:00,65202.73,554.01187,48555
2026-08-10 05:00:00,65245.58,316.81156,34815
2026-08-10 06:00:00,64967.24,389.34609,70485
2026-08-10 07:00:00,65013.06,428.4961,63916
2026-08-10 08:00:00,65125.98,160.3373,50748
2026-08-10 09:00:00,64870.75,596.12387,112248
2026-08-10 10:00:00,64561.98,1297.24239,183557
2026-08-10 11:00:00,64625.77,650.29814,135771
2026-08-10 12:00:00,64299.99,1096.33991,165488
2026-08-10 13:00:00,63904.65,1498.06925,198980
2026-08-10 14:00:00,63953.04,1290.55418,126308
2026-08-10 15:00:00,63889.39,944.06538,104506
2026-08-10 16:00:00,64045.7,543.26284,73324
2026-08-10 17:00:00,64158.5,286.34235,59715
2026-08-10 18:00:00,63987.0,239.68387,46322
2026-08-10 19:00:00,64016.0,216.96727,39224
2026-08-10 20:00:00,63970.01,328.33621,37923
2026-08-10 21:00:00,64040.0,690.26826,66218
2026-08-10 22:00:00,64060.8,355.07512,49705
2026-08-10 23:00:00,64044.59,263.24469,26971
2026-08-11 00:00:00,64155.01,524.13513,34345
2026-08-11 01:00:00,64023.51,360.17249,21216
2026-08-11 02:00:00,64000.0,217.31247,31560
2026-08-11 03:00:00,63969.28,681.87714,51622
2026-08-11 04:00:00,64065.99,380.83043,55232
2026-08-11 05:00:00,64136.41,168.66039,27701
2026-08-11 06:00:00,64300.0,453.24003,45575
2026-08-11 07:00:00,64233.23,408.12036,50713
2026-08-11 08:00:00,64389.57,538.09782,44297
2026-08-11 09:00:00,64330.01,714.43565,69245
2026-08-11 10:00:00,64200.28,1390.7479,163982
2026-08-11 11:00:00,63770.03,985.02313,176212
2026-08-11 12:00:00,63609.87,1286.57237,194682
2026-08-11 13:00:00,63512.59,740.82749,112264
2026-08-11 14:00:00,63607.88,482.84238,74539
2026-08-11 15:00:00,63373.07,749.01907,94536
2026-08-11 16:00:00,63536.0,452.04779,76848
2026-08-11 17:00:00,63740.0,321.5572,66539
2026-08-11 18:00:00,63672.73,269.417,48133
2026-08-11 19:00:00,63668.49,253.27935,42286
2026-08-11 20:00:00,63600.0,204.82882,36096
2026-08-11 21:00:00,63742.07,247.42097,55471
2026-08-11 22:00:00,63813.8,499.92358,58485
2026-08-11 23:00:00,63749.76,612.29132,54365
2026-08-12 00:00:00,63835.59,538.85374,50947
2026-08-12 01:00:00,63769.58,568.35931,47129
2026-08-12 02:00:00,63849.94,540.4656,45253
2026-08-12 03:00:00,63711.97,563.28705,72358
2026-08-12 04:00:00,63837.99,458.43036,42636
2026-08-12 05:00:00,63794.94,303.11959,50616
2026-08-12 06:00:00,64108.81,553.52986,101679
2026-08-12 07:00:00,64143.36,996.13758,96007
2026-08-12 08:00:00,64240.04,414.30431,53021
2026-08-12 09:00:00,64119.71,1297.05947,185766
2026-08-12 10:00:00,63840.0,727.44098,189248
2026-08-12 11:00:00,63363.39,1163.88428,242011
2026-08-12 12:00:00,63441.47,771.05562,132695
2026-08-12 13:00:00,63492.12,487.79219,86946
2026-08-12 14:00:00,63471.0,292.36777,55289
2026-08-12 15:00:00,63386.59,396.92257,56178
2026-08-12 16:00:00,63421.11,381.53313,68460
2026-08-12 17:00:00,63599.99,307.26199,69016
2026-08-12 18:00:00,63469.83,267.57645,65547
2026-08-12 19:00:00,63432.28,240.00896,57291
2026-08-12 20:00:00,63479.99,998.04154,54085
2026-08-12 21:00:00,63556.92,406.77009,70756
2026-08-12 22:00:00,63456.11,317.88444,68777
2026-08-12 23:00:00,63550.01,458.1649,59721
2026-08-13 00:00:00,63646.99,401.71819,59441
2026-08-13 01:00:00,63693.74,223.42484,47062
2026-08-13 02:00:00,63878.0,500.10882,88932
2026-08-13 03:00:00,63942.35,256.03719,57503
2026-08-13 04:00:00,63865.84,533.09585,54224
2026-08-13 05:00:00,63766.8,439.81868,34954
2026-08-13 06:00:00,63782.64,337.82326,48123
2026-08-13 07:00:00,63651.19,317.79982,53154
2026-08-13 08:00:00,63484.3,355.63538,73629
2026-08-13 09:00:00,63697.76,384.47294,78708
2026-08-13 10:00:00,63724.0,561.86509,150420
2026-08-13 11:00:00,63859.45,669.38212,148001
2026-08-13 12:00:00,63420.01,505.15868,147692
2026-08-13 13:00:00,63160.13,1752.37181,270783
2026-08-13 14:00:00,63144.38,644.48394,166027
2026-08-13 15:00:00,63310.0,325.89181,93018
2026-08-13 16:00:00,63407.99,349.14796,100752
2026-08-13 17:00:00,63415.55,239.68311,51169
2026-08-13 18:00:00,63474.0,188.33344,48570
2026-08-13 19:00:00,63530.01,226.97651,60979
2026-08-13 20:00:00,63490.86,397.80966,46382
2026-08-13 21:00:00,63541.45,377.80366,79129
2026-08-13 22:00:00,63575.86,310.91391,78725
2026-08-13 23:00:00,63465.39,489.39475,60097
2026-08-14 00:00:00,63310.0,296.84163,55239
2026-08-14 01:00:00,63372.56,530.66039,47353
2026-08-14 02:00:00,63379.83,201.71573,53728
2026-08-14 03:00:00,62974.14,627.73261,105882
2026-08-14 04:00:00,62920.78,730.23378,71713
2026-08-14 05:00:00,62940.01,892.48443,120107
2026-08-14 06:00:00,62792.75,501.14919,68087
2026-08-14 07:00:00,62814.14,598.55074,77325
2026-08-14 08:00:00,62868.83,444.92265,70192
2026-08-14 09:00:00,62741.69,486.51649,95960
2026-08-14 10:00:00,62668.0,987.78817,199983
2026-08-14 11:00:00,62620.01,998.23888,209562
2026-08-14 12:00:00,62990.95,988.09918,168891
2026-08-14 13:00:00,63133.48,566.22185,123968
2026-08-14 14:00:00,63013.69,454.05828,112128
2026-08-14 15:00:00,62930.01,367.77038,98207
2026-08-14 16:00:00,62968.05,394.98545,92795
2026-08-14 17:00:00,62907.59,359.43765,50731
2026-08-14 18:00:00,62928.49,179.646,44956
2026-08-14 19:00:00,62886.88,226.57205,48343
2026-08-14 20:00:00,63043.56,329.09114,51429
2026-08-14 21:00:00,63019.88,208.64233,32855
2026-08-14 22:00:00,63045.13,485.23532,24028
2026-08-14 23:00:00,63134.41,243.54429,27897
2026-08-15 00:00:00,63051.25,184.46775,25606
2026-08-15 01:00:00,63122.0,172.30243,15288
2026-08-15 02:00:00,63089.0,213.28052,18478
2026-08-15 03:00:00,63114.68,373.75318,23100
2026-08-15 04:00:00,63075.43,688.73174,36468
2026-08-15 05:00:00,62935.72,177.99645,20855
2026-08-15 06:00:00,63030.38,183.99371,22230
2026-08-15 07:00:00,63046.1,79.58111,15132
2026-08-15 08:00:00,63022.01,175.71191,17915
2026-08-15 09:00:00,63050.13,109.73402,18296
2026-08-15 10:00:00,63060.35,132.2968,27293
2026-08-15 11:00:00,63040.0,244.03751,18588
2026-08-15 12:00:00,63100.55,214.37562,24069
2026-08-15 13:00:00,63096.63,202.83972,28765
2026-08-15 14:00:00,63070.5,96.56413,13868
2026-08-15 15:00:00,63057.58,294.79086,24314
2026-08-15 16:00:00,63126.08,516.06271,38007
2026-08-15 17:00:00,63103.29,55.31906,14889
2026-08-15 18:00:00,63159.04,170.99952,24950
2026-08-15 19:00:00,63135.52,95.56932,15284
2026-08-15 20:00:00,63086.01,85.33037,12138
2026-08-15 21:00:00,63085.82,94.57372,12824
2026-08-15 22:00:00,63084.78,180.55557,20465
2026-08-15 23:00:00,63121.91,245.34897,26865
2026-08-16 00:00:00,63130.0,105.94774,8652
2026-08-16 01:00:00,63090.01,130.32114,15922
2026-08-16 02:00:00,63069.43,235.12057,13694
2026-08-16 03:00:00,63069.31,280.31849,14141
2026-08-16 04:00:00,63061.02,146.93998,9244
2026-08-16 05:00:00,63072.42,108.9221,6828
2026-08-16 06:00:00,62992.69,290.93169,17494
2026-08-16 07:00:00,63008.57,133.29459,16512
2026-08-16 08:00:00,63013.66,213.61707,19833
2026-08-16 09:00:00,63021.98,78.74312,12065
2026-08-16 10:00:00,63060.01,146.76198,14107
2026-08-16 11:00:00,63102.85,159.23473,21068
2026-08-16 12:00:00,63146.39,173.3934,22199
2026-08-16 13:00:00,63260.01,394.04188,66967
2026-08-16 14:00:00,63159.3,190.81967,30109
2026-08-16 15:00:00,63140.06,89.92171,16699
2026-08-16 16:00:00,63108.81,186.2917,33299
2026-08-16 17:00:00,63067.79,122.98382,27453
2026-08-16 18:00:00,62929.61,328.59983,71458
2026-08-16 19:00:00,62913.7,453.8874,88387
2026-08-16 20:00:00,62900.0,246.66048,54009
2026-08-16 21:00:00,62917.54,577.24276,88478
2026-08-16 22:00:00,63116.12,495.52019,144653
2026-08-16 23:00:00,63403.34,459.80516,107734
2026-08-17 00:00:00,63429.21,637.65934,58474
2026-08-17 01:00:00,63532.44,714.19197,53738
2026-08-17 02:00:00,63520.18,770.70619,44253
2026-08-17 03:00:00,63667.99,312.69187,60567
2026-08-17 04:00:00,63514.45,696.41924,54190
2026-08-17 05:00:00,63380.84,520.36494,43940
2026-08-17 06:00:00,63323.96,311.26926,39221
2026-08-17 07:00:00,63692.21,683.00101,83251
2026-08-17 08:00:00,63631.1,428.28018,64642
2026-08-17 09:00:00,63554.69,405.66003,79468
2026-08-17 10:00:00,63672.36,585.29579,145130
2026-08-17 11:00:00,63902.63,583.47166,134653
2026-08-17 12:00:00,64200.0,1356.1435,165509
2026-08-17 13:00:00,64115.76,671.84426,99868
2026-08-17 14:00:00,64325.99,1418.9831,201229
2026-08-17 15:00:00,64428.87,1040.45275,156434
2026-08-17 16:00:00,64309.96,452.68874,83501
2026-08-17 17:00:00,64392.73,244.13801,61012
2026-08-17 18:00:00,64382.02,218.14648,47226
2026-08-17 19:00:00,64291.25,321.62233,39837
2026-08-17 20:00:00,64532.1,350.04837,54248
2026-08-17 21:00:00,64383.71,332.9031,60012
2026-08-17 22:00:00,64200.06,378.48537,63601
2026-08-17 23:00:00,64103.22,442.34864,76898
2026-08-18 00:00:00,64185.01,577.49413,45547
2026-08-18 01:00:00,64210.32,739.25374,41974
2026-08-18 02:00:00,64242.76,1323.90812,70644
2026-08-18 03:00:00,64318.03,694.7657,80450
2026-08-18 04:00:00,64198.97,394.05527,60261
2026-08-18 05:00:00,64296.02,402.40674,66718
2026-08-18 06:00:00,64171.95,269.49893,45561
2026-08-18 07:00:00,64202.8,219.75251,35892
2026-08-18 08:00:00,64351.19,310.52659,48834
2026-08-18 09:00:00,64230.02,236.94493,40301
2026-08-18 10:00:00,64219.99,1179.78725,126163
2026-08-18 11:00:00,64714.16,1757.31459,251794
2026-08-18 12:00:00,64855.06,513.17463,123676
2026-08-18 13:00:00,64840.0,419.07089,76505
2026-08-18 14:00:00,64670.02,400.18777,60838
2026-08-18 15:00:00,64772.0,219.3896,35455
2026-08-18 16:00:00,64643.26,185.09854,38499
2026-08-18 17:00:00,64582.39,191.92081,44252
2026-08-18 18:00:00,64604.58,187.67225,40680
2026-08-18 19:00:00,64634.0,200.09422,37209
2026-08-18 20:00:00,64725.42,213.8588,36255
2026-08-18 21:00:00,64488.0,247.80518,68139
2026-08-18 22:00:00,64400.48,314.2814,75477
2026-08-18 23:00:00,64351.9,547.93834,54869
2026-08-19 00:00:00,64330.71,258.70445,59844
2026-08-19 01:00:00,64316.22,402.06932,36820
2026-08-19 02:00:00,64236.01,258.31718,39791
2026-08-19 03:00:00,64339.8,531.39508,60116
2026-08-19 04:00:00,64296.0,630.66386,48190
2026-08-19 05:00:00,64413.95,381.23164,49947
2026-08-19 06:00:00,64427.06,228.1951,37034
2026-08-19 07:00:00,64456.71,262.84871,27343
2026-08-19 08:00:00,64515.63,286.02228,36462
2026-08-19 09:00:00,64882.15,785.09851,116151
2026-08-19 10:00:00,65012.12,1619.46727,246571
2026-08-19 11:00:00,65923.21,2365.56793,301443
2026-08-19 12:00:00,68554.0,9262.86965,912256
2026-08-19 13:00:00,68465.27,2013.58518,293998
2026-08-19 14:00:00,68197.29,1708.46485,233345
2026-08-19 15:00:00,68395.99,626.01288,158947
2026-08-19 16:00:00,68429.44,730.52396,166995
2026-08-19 17:00:00,69048.06,1419.23549,240223
2026-08-19 18:00:00,69709.46,2102.52662,480774
2026-08-19 19:00:00,69258.9,1240.65644,246594
2026-08-19 20:00:00,69334.79,830.81844,169267
2026-08-19 21:00:00,69420.0,1392.50902,233807
2026-08-19 22:00:00,69721.92,864.23959,166324
2026-08-19 23:00:00,69301.27,929.59108,172766
2026-08-20 00:00:00,69195.64,941.77624,179308
2026-08-20 01:00:00,69492.01,712.36152,127113
2026-08-20 02:00:00,69406.54,1261.47615,171545
2026-08-20 03:00:00,69851.99,1346.47743,191879
2026-08-20 04:00:00,69816.45,2107.14536,202651
2026-08-20 05:00:00,71592.1,4173.84476,552363
2026-08-20 06:00:00,71789.97,3166.23325,352397
2026-08-20 07:00:00,71995.99,2350.9646,335431
2026-08-20 08:00:00,71927.07,1357.58479,291099
2026-08-20 09:00:00,71952.04,1576.86402,318664
2026-08-20 10:00:00,71691.99,2151.9086,445326
2026-08-20 11:00:00,71826.85,1441.04171,377125
2026-08-20 12:00:00,72470.83,2926.7352,544525
2026-08-20 13:00:00,72837.15,1324.40386,300259
2026-08-20 14:00:00,72737.5,1268.41951,265124
2026-08-20 15:00:00,72431.36,968.00662,208116
2026-08-20 16:00:00,72690.76,818.65084,177706
2026-08-20 17:00:00,72671.75,871.61952,179194
2026-08-20 18:00:00,72741.81,501.87504,116602
2026-08-20 19:00:00,72676.22,520.26326,133840
2026-08-20 20:00:00,73025.15,930.8009,205950
2026-08-20 21:00:00,73708.02,1919.94005,415897
2026-08-20 22:00:00,75129.23,3173.32947,567499
2026-08-20 23:00:00,74439.74,1716.15486,372549
2026-08-21 00:00:00,74510.77,1039.80072,226091
2026-08-21 01:00:00,75026.0,825.51685,172179
2026-08-21 02:00:00,75472.73,1138.68225,255057
2026-08-21 03:00:00,75646.21,1382.10073,284122
2026-08-21 04:00:00,76308.65,3775.56433,521797
2026-08-21 05:00:00,79258.03,4366.47306,663625
2026-08-21 06:00:00,77910.71,4167.07817,773764
2026-08-21 07:00:00,77810.02,1604.18384,346231
2026-08-21 08:00:00,76722.32,2387.74046,497903
2026-08-21 09:00:00,77223.66,2680.17653,426271
2026-08-21 10:00:00,77266.87,2022.51306,614968
2026-08-21 11:00:00,77384.68,1855.76373,451822
2026-08-21 12:00:00,77221.98,1316.36575,304276
2026-08-21 13:00:00,77486.01,1368.21973,319757
2026-08-21 14:00:00,77392.68,1099.33856,226156
2026-08-21 15:00:00,77146.0,1247.39698,224946
2026-08-21 16:00:00,77028.94,1151.33799,204987
2026-08-21 17:00:00,77520.19,905.49008,211082
2026-08-21 18:00:00,78505.15,1351.97974,340607
2026-08-21 19:00:00,78460.14,1022.8221,291342
2026-08-21 20:00:00,78338.03,821.59664,216016
2026-08-21 21:00:00,77953.3,822.10615,287777
2026-08-21 22:00:00,77830.01,612.96043,195187
2026-08-21 23:00:00,78470.0,965.16893,196380
2026-08-22 00:00:00,78410.98,734.8031,178441
2026-08-22 01:00:00,78470.0,738.35305,200119
2026-08-22 02:00:00,77380.75,3816.352,546223
2026-08-22 03:00:00,77486.09,838.31259,177941
2026-08-22 04:00:00,77289.18,634.34953,181595
2026-08-22 05:00:00,77210.55,870.47609,173301
2026-08-22 06:00:00,77061.99,1089.30988,198606
2026-08-22 07:00:00,76976.0,1058.83574,237123
2026-08-22 08:00:00,77130.02,729.38003,160718
2026-08-22 09:00:00,77300.27,529.84412,126274
2026-08-22 10:00:00,77288.62,471.5874,85644
2026-08-22 11:00:00,77003.62,534.05012,130334
2026-08-22 12:00:00,76978.83,465.28762,115065
2026-08-22 13:00:00,77288.01,537.52059,124396
2026-08-22 14:00:00,77278.01,367.89271,95143
2026-08-22 15:00:00,77257.86,246.33381,73576
2026-08-22 16:00:00,77418.25,260.41653,60303
2026-08-22 17:00:00,77311.69,351.69043,72436
2026-08-22 18:00:00,76856.01,472.54194,137618
2026-08-22 19:00:00,76997.76,933.98314,131298
2026-08-22 20:00:00,77074.93,442.95254,64547
2026-08-22 21:00:00,77302.65,422.64795,109912
2026-08-22 22:00:00,77190.29,315.9346,99628
2026-08-22 23:00:00,77079.46,272.44621,94964
2026-08-23 00:00:00,76927.87,542.03792,99139
2026-08-23 01:00:00,76602.0,1142.31377,197382
2026-08-23 02:00:00,76053.37,2021.52468,376404
2026-08-23 03:00:00,76096.95,788.44492,186071
2026-08-23 04:00:00,76007.13,498.42122,113634
2026-08-23 05:00:00,76486.49,773.49224,128052
2026-08-23 06:00:00,76549.98,346.37256,92750
2026-08-23 07:00:00,76790.35,533.71157,133177
2026-08-23 08:00:00,77311.02,784.82342,193660
2026-08-23 09:00:00,77206.0,446.59889,91798
2026-08-23 10:00:00,77487.62,955.92825,191113
2026-08-23 11:00:00,77186.0,1015.68445,236133
2026-08-23 12:00:00,77156.13,562.15936,159001
2026-08-23 13:00:00,77429.88,303.2396,101127
2026-08-23 14:00:00,77176.41,396.15987,104111
2026-08-23 15:00:00,77341.98,670.17194,123034
2026-08-23 16:00:00,77346.01,294.93858,77409
2026-08-23 17:00:00,77401.6,169.97755,60051
2026-08-23 18:00:00,77833.23,861.63202,249568
2026-08-23 19:00:00,77598.88,587.36494,218333
2026-08-23 20:00:00,77734.0,661.20534,191378
2026-08-23 21:00:00,77679.5,630.62998,225504
2026-08-23 22:00:00,76922.1,853.47221,241642
2026-08-23 23:00:00,77478.69,732.4439,223553
2026-08-24 00:00:00,76933.02,1447.49069,189531
2026-08-24 01:00:00,76897.44,1191.36747,172199
2026-08-24 02:00:00,77149.4,884.51745,188711
2026-08-24 03:00:00,77464.33,745.9839,166666
2026-08-24 04:00:00,77307.15,681.33125,159221
2026-08-24 05:00:00,77041.47,921.46444,157690
2026-08-24 06:00:00,77554.08,523.00977,124679
2026-08-24 07:00:00,77617.22,1113.08488,186426
2026-08-24 08:00:00,78443.65,1324.46087,308662
2026-08-24 09:00:00,79159.99,1858.84351,401178
2026-08-24 10:00:00,78597.99,3300.58408,652189
2026-08-24 11:00:00,79510.92,3230.14333,660428
2026-08-24 12:00:00,79100.01,3666.17565,542942
2026-08-24 13:00:00,79047.6,1877.28842,386751
2026-08-24 14:00:00,78761.14,1637.93002,420980
2026-08-24 15:00:00,78928.35,783.83103,259731
2026-08-24 16:00:00,78758.0,1063.06502,221601
2026-08-24 17:00:00,78932.33,421.20967,141274
2026-08-24 18:00:00,78984.23,302.47665,78351
2026-08-24 19:00:00,78740.0,351.77026,105796
2026-08-24 20:00:00,78992.75,636.71946,118704
2026-08-24 21:00:00,79739.99,1133.49463,371759
2026-08-24 22:00:00,79828.0,1067.23419,321899
2026-08-24 23:00:00,80649.63,3314.90532,556413
2026-08-25 00:00:00,80488.01,1359.49076,317743
2026-08-25 01:00:00,80363.73,898.81211,245577
2026-08-25 02:00:00,80731.9,994.03992,213246
2026-08-25 03:00:00,80574.09,745.39881,173092
2026-08-25 04:00:00,79705.79,1307.68383,228617
2026-08-25 05:00:00,79930.77,788.31559,210953
2026-08-25 06:00:00,79187.2,1475.2851,296448
2026-08-25 07:00:00,79309.63,836.94668,211282
2026-08-25 08:00:00,79117.99,617.29432,202400
2026-08-25 09:00:00,78980.0,1007.3407,334380
2026-08-25 10:00:00,78647.99,1734.1222,474098
2026-08-25 11:00:00,79235.99,1216.06528,416847
2026-08-25 12:00:00,79502.01,794.08262,258208
2026-08-25 13:00:00,79156.02,676.1787,190786
2026-08-25 14:00:00,79240.01,747.28203,184548
2026-08-25 15:00:00,79128.0,469.50082,120528
2026-08-25 16:00:00,78925.95,702.86873,153843
2026-08-25 17:00:00,78206.13,777.55096,249022
2026-08-25 18:00:00,78570.0,840.88883,282674
2026-08-25 19:00:00,78889.51,577.33833,165429
2026-08-25 20:00:00,78539.14,690.39348,180410
2026-08-25 21:00:00,78631.79,680.65038,247766
2026-08-25 22:00:00,78815.13,572.39774,168124
2026-08-25 23:00:00,79108.0,505.52805,155111
2026-08-26 00:00:00,79088.62,453.50631,104987
2026-08-26 01:00:00,78826.0,482.93427,139395
2026-08-26 02:00:00,79085.98,515.23689,159065
2026-08-26 03:00:00,78947.92,459.3577,138853
2026-08-26 04:00:00,78925.56,516.24118,133538
2026-08-26 05:00:00,78707.59,995.42693,176225
2026-08-26 06:00:00,78444.49,553.36821,186883
2026-08-26 07:00:00,78727.45,367.28381,151535
2026-08-26 08:00:00,78487.26,413.44093,144198
2026-08-26 09:00:00,78319.59,1022.94925,270220
2026-08-26 10:00:00,78448.66,943.22287,360394
2026-08-26 11:00:00,77790.48,1051.14695,320531
2026-08-26 12:00:00,78011.65,712.24119,238396
2026-08-26 13:00:00,77991.3,600.54786,165923
2026-08-26 14:00:00,78442.83,585.12324,162916
2026-08-26 15:00:00,78472.41,337.24489,124570
2026-08-26 16:00:00,78475.49,466.85134,109473
2026-08-26 17:00:00,78452.04,322.22426,97769
2026-08-26 18:00:00,78724.01,428.48439,162670
2026-08-26 19:00:00,78700.0,931.26213,177288
2026-08-26 20:00:00,79023.75,697.0881,188697
2026-08-26 21:00:00,78690.01,527.82725,143223
2026-08-26 22:00:00,78898.67,520.71745,177349
2026-08-26 23:00:00,78717.76,429.02181,112974
2026-08-27 00:00:00,78830.68,357.29079,117813
2026-08-27 01:00:00,78783.99,181.61392,91731
2026-08-27 02:00:00,78912.55,297.32854,92406
2026-08-27 03:00:00,78817.49,399.15003,109896
2026-08-27 04:00:00,79082.17,345.94116,90907
2026-08-27 05:00:00,79755.99,1705.62217,358346
2026-08-27 06:00:00,79986.0,1131.87984,309104
2026-08-27 07:00:00,79626.0,684.67175,257610
2026-08-27 08:00:00,79477.67,621.11446,199214
2026-08-27 09:00:00,79282.31,505.96518,207952
2026-08-27 10:00:00,79533.15,1143.32188,417403
2026-08-27 11:00:00,80204.05,1464.1918,506222
2026-08-27 12:00:00,80302.32,1415.34964,465136
2026-08-27 13:00:00,80374.0,957.98058,300825
2026-08-27 14:00:00,80442.46,973.76075,266455
2026-08-27 15:00:00,80150.69,662.82544,190313
2026-08-27 16:00:00,79910.19,514.60852,116971
2026-08-27 17:00:00,80096.0,282.87253,98189
2026-08-27 18:00:00,80184.0,278.41542,85989
2026-08-27 19:00:00,80303.21,534.24073,113662
2026-08-27 20:00:00,80249.58,329.82531,102595
2026-08-27 21:00:00,80576.0,516.59696,158955
2026-08-27 22:00:00,80500.38,1463.05089,336893
2026-08-27 23:00:00,79926.11,1190.20509,283107
2026-08-28 00:00:00,79810.49,530.69453,135164
2026-08-28 01:00:00,79643.81,562.86792,130968
2026-08-28 02:00:00,79686.0,326.58104,109319
2026-08-28 03:00:00,79904.21,359.1323,137101
2026-08-28 04:00:00,79660.0,1018.10642,143015
2026-08-28 05:00:00,79516.78,526.20796,119763
2026-08-28 06:00:00,79285.19,541.74443,124282
2026-08-28 07:00:00,79565.89,548.77151,129610
2026-08-28 08:00:00,79604.13,394.07937,96837
2026-08-28 09:00:00,79421.05,400.05317,113842
2026-08-28 10:00:00,79330.75,843.2247,217173
2026-08-28 11:00:00,79542.44,2930.13002,630673
2026-08-28 12:00:00,78331.13,1255.01594,307203
2026-08-28 13:00:00,77788.46,2955.61638,661307
2026-08-28 14:00:00,77904.0,722.76014,254944
2026-08-28 15:00:00,77554.0,575.36359,186420
2026-08-28 16:00:00,77580.03,501.052,167896
2026-08-28 17:00:00,77407.34,264.10726,119611
2026-08-28 18:00:00,77364.0,392.38715,98500
2026-08-28 19:00:00,77758.69,339.14252,96411
2026-08-28 20:00:00,77845.87,599.54517,63163
2026-08-28 21:00:00,77733.63,321.80979,83797
2026-08-28 22:00:00,77794.11,235.06968,70824
2026-08-28 23:00:00,77671.18,367.62079,82768
2026-08-29 00:00:00,77507.17,238.89187,92320
2026-08-29 01:00:00,77648.91,229.90598,71140
2026-08-29 02:00:00,77632.53,195.32253,55572
2026-08-29 03:00:00,77466.82,305.02922,58379
2026-08-29 04:00:00,77626.01,933.89852,95716
2026-08-29 05:00:00,77633.99,281.67849,56485
2026-08-29 06:00:00,77650.03,212.52791,45036
2026-08-29 07:00:00,77635.17,228.16206,48040
2026-08-29 08:00:00,77584.67,269.60514,42626
2026-08-29 09:00:00,77583.74,316.37633,46809
2026-08-29 10:00:00,77704.32,195.58499,46094
2026-08-29 11:00:00,78014.37,456.42164,101035
2026-08-29 12:00:00,77865.36,314.87544,82597
2026-08-29 13:00:00,78027.17,330.48346,90610
2026-08-29 14:00:00,78100.0,210.10626,64164
2026-08-29 15:00:00,78158.01,252.93546,63302
2026-08-29 16:00:00,78182.0,231.34566,61519
2026-08-29 17:00:00,78129.92,132.29288,43422
2026-08-29 18:00:00,78161.63,132.03751,47059
2026-08-29 19:00:00,78228.34,298.22816,33251
2026-08-29 20:00:00,78230.0,326.0928,37321
2026-08-29 21:00:00,78179.86,185.20224,55627
2026-08-29 22:00:00,78081.5,257.05271,59042
2026-08-29 23:00:00,78106.01,119.64466,45798
2026-08-30 00:00:00,78144.68,254.40453,49034
2026-08-30 01:00:00,78109.75,215.53426,42000
2026-08-30 02:00:00,78127.71,161.29313,24796
2026-08-30 03:00:00,78280.34,208.68022,41446
2026-08-30 04:00:00,78118.0,137.5055,24639
2026-08-30 05:00:00,78074.01,143.67594,41261
2026-08-30 06:00:00,78000.01,165.26795,43715
2026-08-30 07:00:00,78145.29,168.30514,40508
2026-08-30 08:00:00,78166.0,172.04094,45439
2026-08-30 09:00:00,78785.06,814.10982,168381
2026-08-30 10:00:00,78860.0,488.8202,122217
2026-08-30 11:00:00,78783.71,439.32977,90956
2026-08-30 12:00:00,78823.63,553.82108,123696
2026-08-30 13:00:00,79337.93,667.56388,227923
2026-08-30 14:00:00,79021.02,460.72685,156639
2026-08-30 15:00:00,79036.69,293.7787,102898
2026-08-30 16:00:00,78856.39,232.19118,73674
2026-08-30 17:00:00,78597.33,294.2134,104648
2026-08-30 18:00:00,78653.0,461.41088,143728
2026-08-30 19:00:00,78422.01,390.42367,180929
2026-08-30 20:00:00,77682.0,1800.4274,395928
2026-08-30 21:00:00,77937.04,711.43379,231415
2026-08-30 22:00:00,77640.94,567.26058,239052
2026-08-30 23:00:00,77473.99,573.39934,173143
2026-08-31 00:00:00,77756.71,278.92536,118748
2026-08-31 01:00:00,77527.67,345.97293,72214
